{"cameraMode":{"drawMode":0,"name":"Shaded","section":"Shading Mode"},"sceneLighting":false,"audioPlay":false,"sceneViewState":{"showFog":true,"showMaterialUpdate":false,"showSkybox":false,"showFlares":true,"showImageEffects":true,"showParticleSystems":true,"showVisualEffectGraphs":true,"m_FxEnabled":true},"in2DMode":false,"pivot":{"x":1.7881393432617188e-7,"y":1.086430311203003,"z":-0.14853689074516297},"rotation":{"x":0.04491979256272316,"y":-0.38037723302841189,"z":0.018538935109972955,"w":0.9236530065536499},"size":1.391098976135254,"orthographic":false}