{"cameraMode":{"drawMode":0,"name":"Shaded","section":"Shading Mode"},"sceneLighting":false,"audioPlay":false,"sceneViewState":{"showFog":true,"showMaterialUpdate":false,"showSkybox":false,"showFlares":true,"showImageEffects":true,"showParticleSystems":true,"showVisualEffectGraphs":true,"m_FxEnabled":true},"in2DMode":false,"pivot":{"x":-1.3867688179016114,"y":0.05008864775300026,"z":-0.6941298842430115},"rotation":{"x":-0.028900548815727235,"y":0.8577967882156372,"z":-0.04876383766531944,"w":-0.5109913945198059},"size":1.2062177658081055,"orthographic":false}