{"cameraMode":{"drawMode":0,"name":"Shaded","section":"Shading Mode"},"sceneLighting":false,"audioPlay":false,"sceneViewState":{"showFog":true,"showMaterialUpdate":false,"showSkybox":false,"showFlares":true,"showImageEffects":true,"showParticleSystems":true,"showVisualEffectGraphs":true,"m_FxEnabled":true},"in2DMode":false,"pivot":{"x":0.8641805052757263,"y":0.5143892765045166,"z":0.19159507751464845},"rotation":{"x":-0.08496545255184174,"y":0.19274385273456574,"z":-0.01675407961010933,"w":-0.9774249792098999},"size":0.8631508946418762,"orthographic":false}