{"cameraMode":{"drawMode":0,"name":"Shaded","section":"Shading Mode"},"sceneLighting":false,"audioPlay":false,"sceneViewState":{"showFog":true,"showMaterialUpdate":false,"showSkybox":false,"showFlares":true,"showImageEffects":true,"showParticleSystems":true,"showVisualEffectGraphs":true,"m_FxEnabled":true},"in2DMode":false,"pivot":{"x":0.4076213240623474,"y":2.770001173019409,"z":6.435469627380371},"rotation":{"x":-0.008285954594612122,"y":-0.9334703683853149,"z":-0.017709391191601754,"w":0.35987594723701479},"size":0.7912870049476624,"orthographic":false}