{"cameraMode":{"drawMode":0,"name":"Shaded","section":"Shading Mode"},"sceneLighting":false,"audioPlay":false,"sceneViewState":{"showFog":true,"showMaterialUpdate":false,"showSkybox":false,"showFlares":true,"showImageEffects":true,"showParticleSystems":true,"showVisualEffectGraphs":true,"m_FxEnabled":true},"in2DMode":false,"pivot":{"x":0.09418007731437683,"y":0.47182750701904299,"z":0.5118963718414307},"rotation":{"x":-0.14229750633239747,"y":0.09603410214185715,"z":-0.005932717118412256,"w":-0.9864501953125},"size":1.130844235420227,"orthographic":false}