{"cameraMode":{"drawMode":0,"name":"Shaded","section":"Shading Mode"},"sceneLighting":false,"audioPlay":false,"sceneViewState":{"showFog":true,"showMaterialUpdate":false,"showSkybox":false,"showFlares":true,"showImageEffects":true,"showParticleSystems":true,"showVisualEffectGraphs":true,"m_FxEnabled":true},"in2DMode":false,"pivot":{"x":4.305816650390625,"y":0.8297842144966126,"z":-0.06287896633148194},"rotation":{"x":0.012271703220903874,"y":0.7309839129447937,"z":-0.013182222843170166,"w":0.6822266578674316},"size":2.7117092609405519,"orthographic":false}