{"cameraMode":{"drawMode":0,"name":"Shaded","section":"Shading Mode"},"sceneLighting":false,"audioPlay":false,"sceneViewState":{"showFog":true,"showMaterialUpdate":false,"showSkybox":false,"showFlares":true,"showImageEffects":true,"showParticleSystems":true,"showVisualEffectGraphs":true,"m_FxEnabled":true},"in2DMode":false,"pivot":{"x":-0.5693785548210144,"y":1.0763070583343506,"z":0.25188180804252627},"rotation":{"x":0.14773282408714295,"y":0.7873824834823608,"z":-0.20658066868782044,"w":0.563549280166626},"size":0.4982227087020874,"orthographic":false}