{"cameraMode":{"drawMode":0,"name":"Shaded","section":"Shading Mode"},"sceneLighting":false,"audioPlay":false,"sceneViewState":{"showFog":true,"showMaterialUpdate":false,"showSkybox":false,"showFlares":true,"showImageEffects":true,"showParticleSystems":true,"showVisualEffectGraphs":true,"m_FxEnabled":true},"in2DMode":false,"pivot":{"x":0.05657824128866196,"y":-4.119971752166748,"z":28.901138305664064},"rotation":{"x":0.09258249402046204,"y":0.0038768600206822159,"z":-0.000429194828029722,"w":0.9957602620124817},"size":15.634422302246094,"orthographic":false}